income_group,ForProfit,HighlySelective,Incomplete,IvyPlus,NotInCollege,NotSelective,OtherElite,Selective,TwoYearOrLess
par_q1,0.044329407,0.011687921,0.081544463,0.000752738,0.54028856,0.027997166,0.003041257,0.093932648,0.196425841
par_q2,0.047780238,0.018411599,0.061783089,0.001081401,0.453802182,0.035327701,0.004385513,0.140164752,0.237263525
par_q3,0.043714456,0.029729342,0.056402824,0.0017523,0.353745833,0.036983724,0.007109422,0.202208409,0.26835369
par_q4,0.032134174,0.051094747,0.045774363,0.002845741,0.235608513,0.038958561,0.012065761,0.300048993,0.281469147
par_q5,0.016212722,0.124299392,0.031465789,0.012843587,0.101044727,0.032365128,0.05092411,0.428793046,0.202051499
par_top10pc,0.011851238,0.159414591,0.026193207,0.020421068,0.071700128,0.029073407,0.078956748,0.449380004,0.153009609
par_top5pc,0.009475494,0.184569851,0.022611178,0.030582141,0.059655909,0.027237831,0.114832375,0.438892235,0.112142986
par_top1pc,0.008952426,0.201718662,0.019075202,0.059139213,0.053317055,0.025640203,0.19140824,0.368739026,0.072009973
par_toppt1pc,0.008600403,0.198094206,0.011825932,0.11221887,0.050250066,0.025127951,0.25474673,0.286238382,0.052897459